{
    "name":"ACASTUS KNIGHT BANNER",
    "jsonName":"acastus_knights",
    "scale":5,
    "scaleName":"GRANDIS",
    "points":0,
    
    "command":5,
    "ballisticSkill":4,
    "speedNormal":7,
    "weaponSkill":5,
    "structurePoints":7,
    "structurePinColors":["green", "green", "yellow", "yellow", "orange", "orange", "red"],
    
    "directHitMin":10,
    "directHitMax":14,
    "devastatingHitMin":15,
    "devastatingHitMax":16,
    "criticalHit":17,
    
    "customTraits":"ARTILLERY: If an Acastus Knight Banner is issued First Fire or Split Fire orders during the Strategy phase, their BS is increased to 3+ until the End phase.\n\nTWIN AUTOCANNON: When the Banner is activated in the Combat phase, each Knight with twin autocannon can target an enemy unit within 6\". That unit suffers a Strength 4 hit.",
    
    "weaponsRequirements":"ACASTUS WEAPON",
    "availableModels":[
        {
            "name":"Acastus Knight Scion Martial",
            "cost":130,
            "weaponNames":[],
            "maxWeaponsForModel":2,
            "upgradeAllowance":"SingleAllowed",
            "upgrades":[
                {
                    "name":"Acastus Knight Asterius",
                    "enabled":false,
                    "cost":50
                },
                {
                    "name":"Acastus Knight Porphyrion",
                    "enabled":false,
                    "cost":35
                }
            ]
        }
    ],
    "includedModels":[
        {
            "name":"Acastus Knight Lord Scion",
            "cost":150,
            "weaponNames":[],
            "maxWeaponsForModel":3,
            "upgradeAllowance":"SingleAllowed",
            "upgrades":[
                {
                    "name":"Acastus Knight Asterius",
                    "enabled":false,
                    "cost":50
                },
                {
                    "name":"Acastus Knight Porphyrion",
                    "enabled":false,
                    "cost":35
                }
            ]
        }
    ]
}
