{
    "name":"IRACUNDOS",
    "jsonName":"iracundos",
    "scale":8,
    "scaleName":"IMMENSUS",
    "points":310,
    
    "command":4,
    "ballisticSkill":3,
    "speedNormal":6,
    "speedBoosted":9,
    "weaponSkill":4,
    "manoeuvreNormal":2,
    "manoeuvreBoosted":3,
    "servitorClades":3,
    
    "armMountName":"REAVER ARM",
    "carapaceMountName":"REAVER CARAPACE",
    
    "plasmaReactorPoints":6,
    "plasmaReactorPinColors":["green", "green", "yellow", "yellow", "orange", "red"],
    "voidShieldPoints":5,
    "voidShieldModifiers":["3+", "3+", "4+", "4+", "X"],
    "voidShieldPinColors":["green", "yellow", "yellow", "orange", "red"],
    
    "headPoints":6,
    "headHitModifiers":["", "", "", "+1", "+2", "+3"],
    "headHitPinColors":["green", "lightblue", "lightblue", "lightblue", "lightblue", "red"],
    "headDirectHitMin":11,
    "headDirectHitMax":13,
    "headDevastatingHitMin":14,
    "headDevastatingHitMax":16,
    "headCriticalHit":17,
    "headCriticalPoints":3,
    "headCriticalBoons":["MIU Feedback", "MIU Feedback\nModerati wounded", "Moderati wounded\nPrinceps wounded"],
    "headCriticalBoonsRefs":["MIU Feedback", "Moderati wounded", "Princeps wounded"],
    
    "bodyPoints":7,
    "bodyHitModifiers":["", "", "", "+1", "+1", "+2", "+3"],
    "bodyHitPinColors":["green", "lightblue", "lightblue", "lightblue", "lightblue", "lightblue", "red"],
    "bodyDirectHitMin":10,
    "bodyDirectHitMax":12,
    "bodyDevastatingHitMin":13,
    "bodyDevastatingHitMax":14,
    "bodyCriticalHit":15,
    "bodyCriticalPoints":3,
    "bodyCriticalBoons":["Reactor Leak (1)", "Reactor Leak (1)\nVSG Burnout", "Reactor Leak (2)\nVSG Burnout"],
    "bodyCriticalBoonsRefs":["Reactor Leak", "VSG Burnout"],
    
    "legsPoints":7,
    "legsHitModifiers":["", "", "", "+1", "+2", "+3", "+3"],
    "legsHitPinColors":["green", "lightblue", "lightblue", "lightblue", "lightblue", "lightblue", "lightblue", "red"],
    "legsDirectHitMin":11,
    "legsDirectHitMax":12,
    "legsDevastatingHitMin":13,
    "legsDevastatingHitMax":14,
    "legsCriticalHit":15,
    "legsCriticalPoints":3,
    "legsCriticalBoons":["Stabilisers Damaged", "Stabilisers Damaged\nLocomotors Seized", "Immobilised"],
    "legsCriticalBoonsRefs":["Stabilisers Damaged", "Locomotors Seized", "Immobilised"],
    
    "customTraits":"HEAR MY FURY!: In the Movement phase, this Titan can forgo its activation, doing nothing for that phase but counting as one of the player's activations.\nIf you do so, pich an enemy Titan within 18\". The target must make a Command check. If it fails the check, any Order it has ends and is removed from its Command Terminal.",
    
    "hasLeftArmWeapon":true,
    "hasRightArmWeapon":true,
    "hasCarapaceWeapon":true,
    
    "leftWeaponFixed":{
        "enabled":true,
        "strength":8,
        "shortRange":16,
        "traits":["Shieldbane {Draining}"],
        "traitsRefs":["Shieldbane", "Draining"],
        "longAccuracy":-1,
        "mount":"REAVER ARM",
        "misc":"10-13: Detonation {Body, S7}\n14+:Detonation {Body, S9}",
        "arc":"Wide",
        "disabledCost":10,
        "shortAccuracy":0,
        "longRange":32,
        "pointsCost":25,
        "repairCost":4,
        "dice":3,
        "name":"LASER BLASTER"
    },
    "carapaceWeaponFixed":{
        "enabled":true,
        "strength":4,
        "shortRange":30,
        "traits":["Barrage", "Carapace"],
        "traitsRefs":["Barrage", "Carapace"],
        "longAccuracy":1,
        "mount":"REAVER CARAPACE",
        "misc":"10-13: Detonation {Body, S7}\n14+:Detonation {Body, S9}",
        "arc":"AllOver",
        "disabledCost":10,
        "shortAccuracy":0,
        "longRange":120,
        "pointsCost":10,
        "repairCost":4,
        "dice":5,
        "name":"APOCALYPSE\nMISSILE LAUNCHER"
    },
    "rightWeaponFixed":{
        "enabled":true,
        "strength":5,
        "shortRange":8,
        "traits":["Ordnance"],
        "traitsRefs":["Ordnance"],
        "longAccuracy":0,
        "mount":"REAVER ARM",
        "misc":"10-13: Detonation {Body, S7}\n14+:Detonation {Body, S9}",
        "arc":"Wide",
        "disabledCost":10,
        "shortAccuracy":1,
        "longRange":24,
        "pointsCost":15,
        "repairCost":3,
        "dice":6,
        "name":"GATLING\nBLASTER"
    }
}


