{
    "name":"MANTELLUM FULMEN",
    "jsonName":"mantellum_fulmen",
    "scale":6,
    "scaleName":"GRANDIS",
    "points":205,
    
    "command":5,
    "ballisticSkill":3,
    "speedNormal":8,
    "speedBoosted":12,
    "weaponSkill":4,
    "manoeuvreNormal":3,
    "manoeuvreBoosted":5,
    "servitorClades":2,
    
    "armMountName":"WARHOUND ARM",
    "carapaceMountName":"",
    
    "plasmaReactorPoints":5,
    "plasmaReactorPinColors":["green", "yellow", "orange", "orange", "red"],
    "voidShieldPoints":4,
    "voidShieldModifiers":["3+", "4+", "4+", "X"],
    "voidShieldPinColors":["yellow", "orange", "orange", "red"],
    
    "headPoints":5,
    "headHitModifiers":["", "", "+1", "+2", "+3"],
    "headHitPinColors":["green", "lightblue", "lightblue", "lightblue", "red"],
    "headDirectHitMin":11,
    "headDirectHitMax":13,
    "headDevastatingHitMin":14,
    "headDevastatingHitMax":15,
    "headCriticalHit":16,
    "headCriticalPoints":3,
    "headCriticalBoons":["MIU Feedback", "MIU Feedback\nModerati wounded", "Moderati wounded\nPrinceps wounded"],
    "headCriticalBoonsRefs":["MIU Feedback", "Moderati wounded", "Princeps wounded"],
    
    "bodyPoints":6,
    "bodyHitModifiers":["", "", "+1", "+2", "+3", "+3"],
    "bodyHitPinColors":["green", "lightblue", "lightblue", "lightblue", "lightblue", "red"],
    "bodyDirectHitMin":10,
    "bodyDirectHitMax":11,
    "bodyDevastatingHitMin":12,
    "bodyDevastatingHitMax":13,
    "bodyCriticalHit":14,
    "bodyCriticalPoints":3,
    "bodyCriticalBoons":["Reactor Leak (1)", "Reactor Leak (1)\nVSG Burnout", "Reactor Leak (2)\nVSG Burnout"],
    "bodyCriticalBoonsRefs":["Reactor Leak", "VSG Burnout"],
    
    "legsPoints":6,
    "legsHitModifiers":["", "", "+1", "+2", "+3", "+3"],
    "legsHitPinColors":["green", "lightblue", "lightblue", "lightblue", "lightblue", "red"],
    "legsDirectHitMin":10,
    "legsDirectHitMax":12,
    "legsDevastatingHitMin":13,
    "legsDevastatingHitMax":14,
    "legsCriticalHit":15,
    "legsCriticalPoints":3,
    "legsCriticalBoons":["Stabilisers Damaged", "Stabilisers Damaged\nLocomotors Seized", "Immobilised"],
    "legsCriticalBoonsRefs":["Stabilisers Damaged", "Locomotors Seized", "Immobilised"],
    
    "customTraits":"SOLITARY HUNTER: Cannot be part of a squdron. When issued a First Fire order, it may fire all weapons.",
    
    "hasLeftArmWeapon":true,
    "hasRightArmWeapon":true,
    "hasCarapaceWeapon":false,
    
    "leftWeaponFixed":null,
    "carapaceWeaponFixed":null,
    "rightWeaponFixed":null
}

