{
    "name":"NEMESIS WARBRINGER TITAN",
    "jsonName":"nemesis",
    "scale":8,
    "scaleName":"IMMENSUS",
    "points":325,
    
    "command":4,
    "ballisticSkill":3,
    "speedNormal":5,
    "speedBoosted":7,
    "weaponSkill":5,
    "manoeuvreNormal":2,
    "manoeuvreBoosted":3,
    "servitorClades":4,
    
    "armMountName":"WARBRINGER ARM",
    "carapaceMountName":"WARBRINGER CARAPACE",
    
    "plasmaReactorPoints":7,
    "plasmaReactorPinColors":["green", "green", "yellow", "yellow", "orange", "orange", "red"],
    "voidShieldPoints":6,
    "voidShieldModifiers":["3+", "3+", "4+", "4+", "4+", "X"],
    "voidShieldPinColors":["green", "yellow", "yellow", "orange", "orange", "red"],
    
    "headPoints":7,
    "headHitModifiers":["", "", "", "+1", "+1", "+2", "+3"],
    "headHitPinColors":["green", "lightblue", "lightblue", "lightblue", "lightblue", "lightblue", "red"],
    "headDirectHitMin":12,
    "headDirectHitMax":14,
    "headDevastatingHitMin":15,
    "headDevastatingHitMax":16,
    "headCriticalHit":17,
    "headCriticalPoints":3,
    "headCriticalBoons":["MIU Feedback", "MIU Feedback\nModerati wounded", "Moderati wounded\nPrinceps wounded"],
    "headCriticalBoonsRefs":["MIU Feedback", "Moderati wounded", "Princeps wounded"],
    
    "bodyPoints":8,
    "bodyHitModifiers":["", "", "", "+1", "+1", "+2", "+2", "+3"],
    "bodyHitPinColors":["green", "lightblue", "lightblue", "lightblue", "lightblue", "lightblue", "lightblue", "red"],
    "bodyDirectHitMin":11,
    "bodyDirectHitMax":12,
    "bodyDevastatingHitMin":13,
    "bodyDevastatingHitMax":15,
    "bodyCriticalHit":16,
    "bodyCriticalPoints":3,
    "bodyCriticalBoons":["Reactor Leak (1)", "Reactor Leak (1)\nVSG Burnout", "Reactor Leak (2)\nVSG Burnout"],
    "bodyCriticalBoonsRefs":["Reactor Leak", "VSG Burnout"],
    
    "legsPoints":8,
    "legsHitModifiers":["", "", "", "+1", "+1", "+2", "+2", "+3"],
    "legsHitPinColors":["green", "lightblue", "lightblue", "lightblue", "lightblue", "lightblue", "lightblue", "red"],
    "legsDirectHitMin":11,
    "legsDirectHitMax":13,
    "legsDevastatingHitMin":14,
    "legsDevastatingHitMax":15,
    "legsCriticalHit":16,
    "legsCriticalPoints":3,
    "legsCriticalBoons":["Stabilisers Damaged", "Stabilisers Damaged\nLocomotors Seized", "Immobilised"],
    "legsCriticalBoonsRefs":["Stabilisers Damaged", "Locomotors Seized", "Immobilised"],
    
    "customTraits":"ARDEX-DEFENSOR CANNON: When the Titan is activated in the Combat phase, each enemy unit that is within it's Front or Rear Arc, and within 6', suffers D3 Strength 5 hits",
    
    "hasLeftArmWeapon":true,
    "hasRightArmWeapon":true,
    "hasCarapaceWeapon":true,
    
    "leftWeaponFixed":null,
    "carapaceWeaponFixed":null,
    "rightWeaponFixed":null
}
