{
    "name":"WARLORD-SINISTER TITAN",
    "jsonName":"warlord_sinister",
    "scale":10,
    "scaleName":"MAGNIFICUS",
    "points":685,
    
    "command":3,
    "ballisticSkill":3,
    "speedNormal":4,
    "speedBoosted":6,
    "weaponSkill":5,
    "manoeuvreNormal":1,
    "manoeuvreBoosted":2,
    "servitorClades":4,
    
    "armMountName":"WARLORD ARM",
    "carapaceMountName":"WARLORD CARAPACE",
    
    "plasmaReactorPoints":7,
    "plasmaReactorPinColors":["green", "green", "yellow", "yellow", "orange", "orange", "red"],
    "voidShieldPoints":6,
    "voidShieldModifiers":["3+", "3+", "3+", "4+", "4+", "X"],
    "voidShieldPinColors":["green", "yellow", "yellow", "orange", "orange", "red"],
    
    "headPoints":7,
    "headHitModifiers":["", "", "", "+1", "+1", "+2", "+3"],
    "headHitPinColors":["green", "lightblue", "lightblue", "lightblue", "lightblue", "lightblue", "red"],
    "headDirectHitMin":11,
    "headDirectHitMax":13,
    "headDevastatingHitMin":14,
    "headDevastatingHitMax":16,
    "headCriticalHit":17,
    "headCriticalPoints":3,
    "headCriticalBoons":["MIU Feedback", "MIU Feedback\nModerati wounded", "Moderati wounded\nPrinceps wounded"],
    "headCriticalBoonsRefs":["MIU Feedback", "Moderati wounded", "Princeps wounded"],
    
    "bodyPoints":8,
    "bodyHitModifiers":["", "", "", "+1", "+1", "+2", "+2", "+3"],
    "bodyHitPinColors":["green", "lightblue", "lightblue", "lightblue", "lightblue", "lightblue", "lightblue", "red"],
    "bodyDirectHitMin":10,
    "bodyDirectHitMax":12,
    "bodyDevastatingHitMin":13,
    "bodyDevastatingHitMax":14,
    "bodyCriticalHit":15,
    "bodyCriticalPoints":3,
    "bodyCriticalBoons":["Reactor Leak (1)", "Reactor Leak (1)\nVSG Burnout", "Reactor Leak (2)\nVSG Burnout"],
    "bodyCriticalBoonsRefs":["Reactor Leak", "VSG Burnout"],
    
    "legsPoints":8,
    "legsHitModifiers":["", "", "", "+1", "+1", "+2", "+2", "+3"],
    "legsHitPinColors":["green", "lightblue", "lightblue", "lightblue", "lightblue", "lightblue", "lightblue", "red"],
    "legsDirectHitMin":11,
    "legsDirectHitMax":12,
    "legsDevastatingHitMin":13,
    "legsDevastatingHitMax":14,
    "legsCriticalHit":15,
    "legsCriticalPoints":3,
    "legsCriticalBoons":["Stabilisers Damaged", "Stabilisers Damaged\nLocomotors Seized", "Immobilised"],
    "legsCriticalBoonsRefs":["Stabilisers Damaged", "Locomotors Seized", "Immobilised"],
    
    "customTraits":"ARDEX-DEFENSOR CANNON: When the Titan is activated in the Combat phase, each enemy unit that is within it's Front or Rear Arc, and within 6', suffers D3 Strength 5 hits",
    
    "hasLeftArmWeapon":true,
    "hasRightArmWeapon":true,
    "hasCarapaceWeapon":true,
    
    "leftWeaponFixed":{
        "enabled":true,
        "strength":10,
        "shortRange":30,
        "traits":["Beam (1)", "Psi", "Taxing"],
        "traitsRefs":["Beam", "Psi", "Taxing"],
        "longAccuracy":0,
        "mount":"WARLORD-SINISTER ARM",
        "misc":"11-14: Detonation {Body, S7}\n15+:Detonation {Body, S9}",
        "arc":"Wide",
        "disabledCost":11,
        "shortAccuracy":0,
        "longRange":120,
        "pointsCost":0,
        "repairCost":4,
        "dice":3,
        "name":"SINISTRAMANUS\nTENEBRAE"
    },
    "carapaceWeaponFixed":null,
    "rightWeaponFixed":null
}

