[
    {
        "enabled":true,
        "strength":12,
        "shortRange":2,
        "traits":["Concussive","Melee"],
        "traitsRefs":["Concussive","Melee"],
        "longAccuracy":0,
        "mount":"WARLORD ARM",
        "misc":"11-14: Detonation {Body, S7}\n15+:Detonation {Body, S9}",
        "arc":"Wide",
        "disabledCost":11,
        "shortAccuracy":2,
        "longRange":0,
        "pointsCost":25,
        "repairCost":2,
        "dice":3,
        "name":"ARIOCH TITAN\nPOWER CLAW"
    },
    {
        "enabled":true,
        "strength":12,
        "shortRange":2,
        "traits":["Concussive","Melee"],
        "traitsRefs":["Concussive","Melee"],
        "longAccuracy":0,
        "mount":"WARLORD ARM",
        "misc":"11-14: Detonation {Body, S7}\n15+:Detonation {Body, S9}",
        "arc":"Wide",
        "disabledCost":11,
        "shortAccuracy":2,
        "longRange":0,
        "pointsCost":0,
        "repairCost":2,
        "dice":3,
        "name":"ARIOCH POWER CLAW\n(WARLORD-SINISTER)"
    },
    {
        "enabled":true,
        "strength":7,
        "shortRange":8,
        "traits":["Ordnance"],
        "traitsRefs":["Ordnance"],
        "longAccuracy":0,
        "mount":"WARLORD ARM",
        "misc":"11-14: Detonation {Body, S7}\n15+:Detonation {Body, S9}",
        "arc":"Wide",
        "disabledCost":11,
        "shortAccuracy":1,
        "longRange":24,
        "pointsCost":30,
        "repairCost":3,
        "dice":6,
        "name":"MACRO-GATLING BLASTER"
    },
    {
        "enabled":true,
        "strength":9,
        "shortRange":24,
        "traits":["Blast {5\"}", "Concussive", "Quake"],
        "traitsRefs":["Blast", "Concussive", "Quake"],
        "longAccuracy":0,
        "mount":"WARLORD ARM",
        "misc":"11-14: Detonation {Body, S7}\n15+:Detonation {Body, S9}",
        "arc":"Wide",
        "disabledCost":11,
        "shortAccuracy":-1,
        "longRange":72,
        "pointsCost":20,
        "repairCost":3,
        "dice":1,
        "name":"MORI\nQUAKE CANNON"
    },
    {
        "enabled":true,
        "strength":12,
        "shortRange":30,
        "traits":["Blast {5\"}", "Draining"],
        "traitsRefs":["Blast", "Draining"],
        "longAccuracy":0,
        "mount":"WARLORD ARM",
        "misc":"11-14: Detonation {Body, S7}\n15+:Detonation {Body, S9}",
        "arc":"Wide",
        "disabledCost":11,
        "shortAccuracy":0,
        "longRange":60,
        "pointsCost":55,
        "repairCost":5,
        "dice":1,
        "name":"BELICOSA\nVOLCANO CANNON"
    },
    {
        "enabled":true,
        "strength":8,
        "shortRange":12,
        "traits":["Maximal Fire"],
        "traitsRefs":["Maximal Fire"],
        "longAccuracy":0,
        "mount":"WARLORD ARM",
        "misc":"11-14: Detonation {Body, S7}\n15+:Detonation {Body, S9}",
        "arc":"Wide",
        "disabledCost":11,
        "shortAccuracy":0,
        "longRange":24,
        "pointsCost":45,
        "repairCost":5,
        "dice":4,
        "name":"SUNFURY\nPLASMA ANNIHILATOR"
    },
    {
        "enabled":true,
        "strength":4,
        "shortRange":30,
        "traits":["Barrage", "Carapace", "Paired"],
        "traitsRefs":["Barrage", "Carapace", "Paired"],
        "longAccuracy":1,
        "mount":"WARLORD CARAPACE",
        "misc":"11-14: Detonation {Body, S7}\n15+:Detonation {Body, S9}",
        "arc":"Straight",
        "disabledCost":11,
        "shortAccuracy":0,
        "longRange":120,
        "pointsCost":15,
        "repairCost":4,
        "dice":10,
        "name":"APOCALYPSE MISSILE\nLAUNCHERS"
    },
    {
        "enabled":true,
        "strength":8,
        "shortRange":16,
        "traits":["Shieldbane {Draining}", "Carapace", "Paired"],
        "traitsRefs":["Shieldbane", "Draining", "Carapace", "Paired"],
        "longAccuracy":-1,
        "mount":"WARLORD CARAPACE",
        "misc":"11-14: Detonation {Body, S7}\n15+:Detonation {Body, S9}",
        "arc":"Straight",
        "disabledCost":11,
        "shortAccuracy":0,
        "longRange":32,
        "pointsCost":50,
        "repairCost":4,
        "dice":6,
        "name":"PAIRED\nLASER BLASTERS"
    },
    {
        "enabled":true,
        "strength":4,
        "shortRange":10,
        "traits":["Rapid", "Carapace", "Paired"],
        "traitsRefs":["Rapid", "Carapace", "Paired"],
        "longAccuracy":0,
        "mount":"WARLORD CARAPACE",
        "misc":"11-14: Detonation {Body, S7}\n15+:Detonation {Body, S9}",
        "arc":"Straight",
        "disabledCost":11,
        "shortAccuracy":1,
        "longRange":20,
        "pointsCost":20,
        "repairCost":3,
        "dice":12,
        "name":"VULCAN\nMEGA-BOLTER ARRAY"
    },
    {
        "enabled":true,
        "strength":8,
        "shortRange":16,
        "traits":["Shieldbane {Draining}", "Paired", "Carapace"],
        "traitsRefs":["Shieldbane", "Draining", "Paired", "Carapace"],
        "longAccuracy":0,
        "mount":"WARLORD CARAPACE",
        "misc":"9-12: Detonation {Body, S7}\n13+:Detonation {Body, S9}",
        "arc":"Straight",
        "disabledCost":11,
        "shortAccuracy":0,
        "longRange":32,
        "pointsCost":35,
        "repairCost":4,
        "dice":4,
        "name":"PAIRED TURBO\nLASER DESTRUCTORS"
    },
    {
        "enabled":true,
        "strength":5,
        "shortRange":8,
        "traits":["Ordnance", "Carapace", "Paired"],
        "traitsRefs":["Ordnance", "Carapace", "Paired"],
        "longAccuracy":0,
        "mount":"WARLORD CARAPACE",
        "misc":"11-14: Detonation {Body, S7}\n15+:Detonation {Body, S9}",
        "arc":"Straight",
        "disabledCost":11,
        "shortAccuracy":1,
        "longRange":24,
        "pointsCost":30,
        "repairCost":3,
        "dice":12,
        "name":"PAIRED\nGATLING BLASTERS"
    },
    {
        "enabled":true,
        "strength":8,
        "shortRange":8,
        "traits":["Blast {3\"}", "Maximal Fire"],
        "traitsRefs":["Blast", "Maximal Fire"],
        "longAccuracy":-1,
        "mount":"WARHOUND ARM",
        "misc":"9-12: Detonation {Body, S7}\n13+:Detonation {Body, S9}",
        "arc":"Wide",
        "disabledCost":9,
        "shortAccuracy":0,
        "longRange":24,
        "pointsCost":30,
        "repairCost":5,
        "dice":2,
        "name":"PLASMA\nBLASTGUN"
    },
    {
        "enabled":true,
        "strength":8,
        "shortRange":16,
        "traits":["Shieldbane {Draining}"],
        "traitsRefs":["Shieldbane", "Draining"],
        "longAccuracy":0,
        "mount":"WARHOUND ARM",
        "misc":"9-12: Detonation {Body, S7}\n13+:Detonation {Body, S9}",
        "arc":"Wide",
        "disabledCost":9,
        "shortAccuracy":0,
        "longRange":32,
        "pointsCost":20,
        "repairCost":4,
        "dice":2,
        "name":"TURBO\nLASER DESTRUCTOR"
    },
    {
        "enabled":true,
        "strength":7,
        "shortRange":0,
        "traits":["Firestorm", "Template"],
        "traitsRefs":["Firestorm", "Template"],
        "longAccuracy":0,
        "mount":"WARHOUND ARM",
        "misc":"9-12: Detonation {Body, S7}\n13+:Detonation {Body, S9}",
        "arc":"Wide",
        "disabledCost":9,
        "shortAccuracy":0,
        "longRange":0,
        "pointsCost":20,
        "repairCost":2,
        "dice":3,
        "name":"INFERNO GUN"
    },
    {
        "enabled":true,
        "strength":4,
        "shortRange":8,
        "traits":["Rapid"],
        "traitsRefs":["Rapid"],
        "longAccuracy":0,
        "mount":"WARHOUND ARM",
        "misc":"9-12: Detonation {Body, S7}\n13+:Detonation {Body, S9}",
        "arc":"Wide",
        "disabledCost":9,
        "shortAccuracy":1,
        "longRange":20,
        "pointsCost":10,
        "repairCost":3,
        "dice":6,
        "name":"VULCAN\nMEGA-BOLTER"
    },
    {
        "enabled":true,
        "strength":10,
        "shortRange":30,
        "traits":["Blast {3\"}", "Draining"],
        "traitsRefs":["Blast", "Draining"],
        "longAccuracy":0,
        "mount":"REAVER ARM",
        "misc":"10-13: Detonation {Body, S7}\n14+:Detonation {Body, S9}",
        "arc":"Wide",
        "disabledCost":10,
        "shortAccuracy":1,
        "longRange":60,
        "pointsCost":25,
        "repairCost":5,
        "dice":1,
        "name":"VOLCANO CANNON"
    },
    {
        "enabled":true,
        "strength":8,
        "shortRange":18,
        "traits":["Carapace", "Shieldbane {Draining}"],
        "traitsRefs":["Carapace", "Shieldbane", "Draining"],
        "longAccuracy":0,
        "mount":"REAVER CARAPACE",
        "misc":"10-13: Detonation {Body, S7}\n14+:Detonation {Body, S9}",
        "arc":"AllOver",
        "disabledCost":10,
        "shortAccuracy":0,
        "longRange":32,
        "pointsCost":20,
        "repairCost":4,
        "dice":2,
        "name":"TURBO\nLASER DESTRUCTOR"
    },
    {
        "enabled":true,
        "strength":11,
        "shortRange":12,
        "traits":["Blast {3\"}", "Fusion"],
        "traitsRefs":["Blast", "Fusion"],
        "longAccuracy":0,
        "mount":"REAVER ARM",
        "misc":"10-13: Detonation {Body, S7}\n14+:Detonation {Body, S9}",
        "arc":"Wide",
        "disabledCost":10,
        "shortAccuracy":0,
        "longRange":24,
        "pointsCost":35,
        "repairCost":4,
        "dice":1,
        "name":"MELTA CANNON"
    },
    {
        "enabled":true,
        "strength":4,
        "shortRange":30,
        "traits":["Barrage", "Carapace"],
        "traitsRefs":["Barrage", "Carapace"],
        "longAccuracy":1,
        "mount":"REAVER CARAPACE",
        "misc":"10-13: Detonation {Body, S7}\n14+:Detonation {Body, S9}",
        "arc":"AllOver",
        "disabledCost":10,
        "shortAccuracy":0,
        "longRange":120,
        "pointsCost":10,
        "repairCost":4,
        "dice":5,
        "name":"APOCALYPSE\nMISSILE LAUNCHER"
    },
    {
        "enabled":true,
        "strength":5,
        "shortRange":8,
        "traits":["Ordnance"],
        "traitsRefs":["Ordnance"],
        "longAccuracy":0,
        "mount":"REAVER ARM",
        "misc":"10-13: Detonation {Body, S7}\n14+:Detonation {Body, S9}",
        "arc":"Wide",
        "disabledCost":10,
        "shortAccuracy":1,
        "longRange":24,
        "pointsCost":15,
        "repairCost":3,
        "dice":6,
        "name":"GATLING\nBLASTER"
    },
    {
        "enabled":true,
        "strength":4,
        "shortRange":8,
        "traits":["Rapid", "Carapace"],
        "traitsRefs":["Rapid", "Carapace"],
        "longAccuracy":0,
        "mount":"REAVER CARAPACE",
        "misc":"10-13: Detonation {Body, S7}\n14+:Detonation {Body, S9}",
        "arc":"AllOver",
        "disabledCost":10,
        "shortAccuracy":0,
        "longRange":20,
        "pointsCost":10,
        "repairCost":3,
        "dice":6,
        "name":"VULCAN\nMEGA-BOLTER"
    },
    {
        "enabled":true,
        "strength":9,
        "shortRange":2,
        "traits":["Concussive", "Melee"],
        "traitsRefs":["Concussive", "Melee"],
        "longAccuracy":0,
        "mount":"REAVER ARM",
        "misc":"10-13: Detonation {Body, S7}\n14+:Detonation {Body, S9}",
        "arc":"Wide",
        "disabledCost":10,
        "shortAccuracy":1,
        "longRange":0,
        "pointsCost":20,
        "repairCost":2,
        "dice":2,
        "name":"REAVER TITAN\nPOWER FIST"
    },
    {
        "enabled":true,
        "strength":8,
        "shortRange":16,
        "traits":["Shieldbane {Draining}"],
        "traitsRefs":["Shieldbane", "Draining"],
        "longAccuracy":-1,
        "mount":"REAVER ARM",
        "misc":"10-13: Detonation {Body, S7}\n14+:Detonation {Body, S9}",
        "arc":"Wide",
        "disabledCost":10,
        "shortAccuracy":0,
        "longRange":32,
        "pointsCost":25,
        "repairCost":4,
        "dice":3,
        "name":"LASER BLASTER"
    },
    {
        "enabled":true,
        "strength":8,
        "shortRange":2,
        "traits":["Rending", "Melee"],
        "traitsRefs":["Rending", "Melee"],
        "longAccuracy":0,
        "mount":"REAVER ARM",
        "misc":"10-13: Detonation {Body, S7}\n14+:Detonation {Body, S9}",
        "arc":"Wide",
        "disabledCost":10,
        "shortAccuracy":2,
        "longRange":0,
        "pointsCost":20,
        "repairCost":2,
        "dice":3,
        "name":"REAVER TITAN\nCHAINFIST"
    },
    {
        "enabled":true,
        "strength":0,
        "shortRange":20,
        "traits":["Limited {1}", "Warp", "Carapace"],
        "traitsRef":["Limited", "Warp", "Carapace"],
        "longAccuracy":2,
        "mount":"REAVER CARAPACE",
        "misc":"10-13: Detonation {Body, S7}\n14+:Detonation {Body, S9}",
        "arc":"AllOver",
        "disabledCost":10,
        "shortAccuracy":1,
        "longRange":80,
        "pointsCost":10,
        "repairCost":3,
        "dice":1,
        "name":"WARP MISSLE\nSUPPORT RACK"
    },
    {
        "enabled":true,
        "strength":9,
        "shortRange":24,
        "traits":["Blast {5\"}", "Concussive", "Quake", "Carapace"],
        "traitsRef":["Blast", "Concussive", "Quake", "Carapace"],
        "longAccuracy":0,
        "mount":"WARBRINGER CARAPACE",
        "misc":"11-14: Detonation {Body, S7}\n15+:Detonation {Body, S9}",
        "arc":"Straight",
        "disabledCost":11,
        "shortAccuracy":1,
        "longRange":72,
        "pointsCost":20,
        "repairCost":3,
        "dice":1,
        "name":"MORI\nQUAKE CANNON"
    },
    {
        "enabled":true,
        "strength":12,
        "shortRange":30,
        "traits":["Blast {5\"}", "Draining"],
        "traitsRefs":["Blast", "Draining"],
        "longAccuracy":0,
        "mount":"WARBRINGER CARAPACE",
        "misc":"11-14: Detonation {Body, S7}\n15+:Detonation {Body, S9}",
        "arc":"Wide",
        "disabledCost":11,
        "shortAccuracy":0,
        "longRange":60,
        "pointsCost":55,
        "repairCost":5,
        "dice":1,
        "name":"BELICOSA\nVOLCANO CANNON"
    },
    {
        "enabled":true,
        "strength":3,
        "shortRange":8,
        "traits":["Impale", "Specialised"],
        "traitsRefs":["Impale", "Specialised"],
        "longAccuracy":0,
        "mount":"WARHOUND ARM",
        "misc":"9-12: Detonation {Body, S7}\n13+:Detonation {Body, S9}",
        "arc":"Wide",
        "disabledCost":9,
        "shortAccuracy":0,
        "longRange":12,
        "pointsCost":10,
        "repairCost":3,
        "dice":1,
        "name":"URSUS CLAW"
    },
    {
        "enabled":true,
        "strength":4,
        "shortRange":6,
        "traits":["Bypass", "Specialised", "Shock (Draining)"],
        "traitsRefs":["Bypass", "Specialised", "Shock", "Draining"],
        "longAccuracy":0,
        "mount":"WARHOUND ARM",
        "misc":"9-12: Detonation {Body, S7}\n13+:Detonation {Body, S9}",
        "arc":"Wide",
        "disabledCost":9,
        "shortAccuracy":1,
        "longRange":10,
        "pointsCost":20,
        "repairCost":3,
        "dice":1,
        "name":"NATRIX\nSHOCK LANCE"
    },
    {
        "enabled":true,
        "strength":10,
        "shortRange":30,
        "traits":["Beam (1)", "Psi", "Taxing"],
        "traitsRefs":["Beam", "Psi", "Taxing"],
        "longAccuracy":0,
        "mount":"WARLORD-SINISTER ARM",
        "misc":"11-14: Detonation {Body, S7}\n15+:Detonation {Body, S9}",
        "arc":"Wide",
        "disabledCost":11,
        "shortAccuracy":0,
        "longRange":120,
        "pointsCost":0,
        "repairCost":4,
        "dice":3,
        "name":"SINISTRAMANUS\nTENEBRAE"
    },
    
    {
        "enabled":true,
        "strength":10,
        "shortRange":30,
        "traits":["Blast {3\"}", "Draining"],
        "traitsRefs":["Blast", "Draining"],
        "longAccuracy":0,
        "mount":"WARBRINGER ARM",
        "misc":"10-13: Detonation {Body, S7}\n14+:Detonation {Body, S9}",
        "arc":"Wide",
        "disabledCost":10,
        "shortAccuracy":1,
        "longRange":60,
        "pointsCost":25,
        "repairCost":5,
        "dice":1,
        "name":"VOLCANO CANNON"
    },
    {
        "enabled":true,
        "strength":8,
        "shortRange":16,
        "traits":["Shieldbane {Draining}"],
        "traitsRefs":["Shieldbane", "Draining"],
        "longAccuracy":-1,
        "mount":"WARBRINGER ARM",
        "misc":"10-13: Detonation {Body, S7}\n14+:Detonation {Body, S9}",
        "arc":"Wide",
        "disabledCost":10,
        "shortAccuracy":0,
        "longRange":32,
        "pointsCost":25,
        "repairCost":4,
        "dice":3,
        "name":"LASER BLASTER"
    },
    {
        "enabled":true,
        "strength":5,
        "shortRange":8,
        "traits":["Ordnance"],
        "traitsRefs":["Ordnance"],
        "longAccuracy":0,
        "mount":"WARBRINGER ARM",
        "misc":"10-13: Detonation {Body, S7}\n14+:Detonation {Body, S9}",
        "arc":"Wide",
        "disabledCost":10,
        "shortAccuracy":1,
        "longRange":24,
        "pointsCost":15,
        "repairCost":3,
        "dice":6,
        "name":"GATLING\nBLASTER"
    },
    {
        "enabled":true,
        "strength":11,
        "shortRange":12,
        "traits":["Blast {3\"}", "Fusion"],
        "traitsRefs":["Blast", "Fusion"],
        "longAccuracy":0,
        "mount":"WARBRINGER ARM",
        "misc":"10-13: Detonation {Body, S7}\n14+:Detonation {Body, S9}",
        "arc":"Wide",
        "disabledCost":10,
        "shortAccuracy":0,
        "longRange":24,
        "pointsCost":35,
        "repairCost":4,
        "dice":1,
        "name":"MELTA CANNON"
    },
    
    {
        "enabled":true,
        "name":"TWIN MAGNA\nLASCANNON",
        "shortRange":6,
        "shortAccuracy":1,
        "longRange":48,
        "longAccuracy":0,
        "strength":8,
        "dice":4,
        "traits":["Blast {3\"}", "Paired"],
        "traitsRefs":["Blast", "Paired"],
        "mount":"ACASTUS WEAPON",
        "misc":"",
        "arc":"None",
        "disabledCost":0,
        "pointsCost":0,
        "repairCost":0,
    },
    {
        "enabled":true,
        "name":"IRONSTORM\nMISSILE POD",
        "shortRange":6,
        "shortAccuracy":0,
        "longRange":36,
        "longAccuracy":0,
        "strength":4,
        "dice":6,
        "traits":["Barrage", "Rapid"],
        "traitsRefs":["Barrage", "Rapid"],
        "mount":"ACASTUS WEAPON",
        "misc":"",
        "arc":"None",
        "disabledCost":0,
        "pointsCost":0,
        "repairCost":0,
    },
    {
        "enabled":true,
        "name":"TWIN CONVERSION\nBEAM CANNON",
        "shortRange":24,
        "shortAccuracy":0,
        "longRange":48,
        "longAccuracy":0,
        "strength":9,
        "dice":4,
        "traits":["Blast {Short 3\", Long 5\"}", "Paired"],
        "traitsRefs":["Blast", "Paired"],
        "mount":"ACASTUS WEAPON",
        "misc":"",
        "arc":"None",
        "disabledCost":0,
        "pointsCost":0,
        "repairCost":0,
    },
    {
        "enabled":true,
        "name":"KARACNOS\nMORTAR BATTERY",
        "shortRange":12,
        "shortAccuracy":0,
        "longRange":36,
        "longAccuracy":0,
        "strength":4,
        "dice":6,
        "traits":["Barrage", "Rending"],
        "traitsRefs":["Barrage", "Rending"],
        "mount":"ACASTUS WEAPON",
        "misc":"",
        "arc":"None",
        "disabledCost":0,
        "pointsCost":0,
        "repairCost":0,
    },
    {
        "enabled":true,
        "name":"TWIN LASCANNON",
        "shortRange":6,
        "shortAccuracy":0,
        "longRange":12,
        "longAccuracy":0,
        "strength":6,
        "dice":2,
        "traits":[],
        "traitsRefs":[],
        "mount":"ACASTUS WEAPON",
        "misc":"",
        "arc":"None",
        "disabledCost":0,
        "pointsCost":10,
        "repairCost":0,
    },
    {
        "enabled":true,
        "name":"CASTIGATOR PATTERN BOLT CANNON",
        "shortRange":8,
        "shortAccuracy":1,
        "longRange":20,
        "longAccuracy":0,
        "strength":3,
        "dice":7,
        "traits":["Rapid"],
        "traitsRefs":["Rapid"],
        "mount":"CERASTUS WEAPON",
        "misc":"",
        "arc":"None",
        "disabledCost":0,
        "pointsCost":0,
        "repairCost":0,
    },
    {
        "enabled":true,
        "name":"CASTIGATOR WARBLADE, ACHERON REAPER",
        "shortRange":2,
        "shortAccuracy":1,
        "longRange":0,
        "longAccuracy":0,
        "strength":7,
        "dice":2,
        "traits":["Rending", "Melee"],
        "traitsRefs":["Rending", "Melee"],
        "mount":"CERASTUS WEAPON",
        "misc":"",
        "arc":"None",
        "disabledCost":0,
        "pointsCost":0,
        "repairCost":0,
    },
    {
        "enabled":true,
        "name":"ACHERON PATTERN FLAME CANNON",
        "shortRange":0,
        "shortAccuracy":1,
        "longRange":0,
        "longAccuracy":0,
        "strength":7,
        "dice":2,
        "traits":["Firestorm"],
        "traitsRefs":["Firestorm"],
        "mount":"CERASTUS WEAPON",
        "misc":"",
        "arc":"None",
        "disabledCost":0,
        "pointsCost":0,
        "repairCost":0,
    },
    {
        "enabled":true,
        "name":"ION GAUNTLET SHIELD SHOCK BLAST",
        "shortRange":4,
        "shortAccuracy":0,
        "longRange":12,
        "longAccuracy":0,
        "strength":6,
        "dice":2,
        "traits":["Rapid"],
        "traitsRefs":["Rapid"],
        "mount":"CERASTUS WEAPON",
        "misc":"",
        "arc":"None",
        "disabledCost":0,
        "pointsCost":0,
        "repairCost":0,
    },
    {
        "enabled":true,
        "name":"CERASTUS SHOCK LANCE",
        "shortRange":2,
        "shortAccuracy":2,
        "longRange":0,
        "longAccuracy":0,
        "strength":8,
        "dice":2,
        "traits":["Melee"],
        "traitsRefs":["Melee"],
        "mount":"CERASTUS WEAPON",
        "misc":"",
        "arc":"None",
        "disabledCost":0,
        "pointsCost":0,
        "repairCost":0,
    },
    {
        "enabled":true,
        "name":"AVENGER GATLING CANNON",
        "shortRange":8,
        "shortAccuracy":1,
        "longRange":24,
        "longAccuracy":0,
        "strength":3,
        "dice":8,
        "traits":["Rapid"],
        "traitsRefs":["Rapid"],
        "mount":"QUESTORIS WEAPON",
        "misc":"",
        "arc":"None",
        "disabledCost":0,
        "pointsCost":5,
        "repairCost":0,
    },
    {
        "enabled":true,
        "name":"THERMAL CANNON",
        "shortRange":6,
        "shortAccuracy":0,
        "longRange":12,
        "longAccuracy":-1,
        "strength":8,
        "dice":1,
        "traits":["Fusion"],
        "traitsRefs":["Fusion"],
        "mount":"QUESTORIS WEAPON",
        "misc":"",
        "arc":"None",
        "disabledCost":0,
        "pointsCost":10,
        "repairCost":0,
    },
    {
        "enabled":true,
        "name":"RAPID-FIRE BATTLECANNON",
        "shortRange":8,
        "shortAccuracy":1,
        "longRange":24,
        "longAccuracy":0,
        "strength":5,
        "dice":2,
        "traits":["Ordnance"],
        "traitsRefs":["Ordnance"],
        "mount":"QUESTORIS WEAPON",
        "misc":"",
        "arc":"None",
        "disabledCost":0,
        "pointsCost":10,
        "repairCost":0,
    },
    {
        "enabled":true,
        "name":"STORMSPEAR ROCKET POD",
        "shortRange":6,
        "shortAccuracy":0,
        "longRange":16,
        "longAccuracy":0,
        "strength":5,
        "dice":3,
        "traits":[],
        "traitsRefs":["_upgrade_"],
        "mount":"QUESTORIS WEAPON",
        "misc":"",
        "arc":"None",
        "disabledCost":0,
        "pointsCost":15,
        "repairCost":0,
    },
    {
        "enabled":true,
        "name":"QUESTORIS MELEE WEAPON",
        "shortRange":2,
        "shortAccuracy":1,
        "longRange":0,
        "longAccuracy":0,
        "strength":7,
        "dice":1,
        "traits":["Melee"],
        "traitsRefs":["Melee"],
        "mount":"QUESTORIS WEAPON",
        "misc":"",
        "arc":"None",
        "disabledCost":0,
        "pointsCost":5,
        "repairCost":0,
    },
    {
        "enabled":true,
        "name":"MELTAGUN",
        "shortRange":3,
        "shortAccuracy":0,
        "longRange":3,
        "longAccuracy":0,
        "strength":8,
        "dice":1,
        "traits":[],
        "traitsRefs":["_upgrade_"],
        "mount":"QUESTORIS WEAPON",
        "misc":"",
        "arc":"None",
        "disabledCost":0,
        "pointsCost":15,
        "repairCost":0,
    }
]
